"0","hicksgeorge@gmail.com","pbkdf2:sha256:260000$YN7tUYuAJ9j7FKyw$6404147cc9e7bf44fa30c0ec37b6b967b322f1ea352b7443f368b7e00882b7b1","Michael","Sandoval","7331 Anderson Track
South Joshuaport, OH 35920","0","false"
"1","jgray@yahoo.com","pbkdf2:sha256:260000$HUHhjc9t2N5WH4xM$11d3b3934978a8a3f85202cd011eab71112e561c3f17f10f6ef9d0711d40f6d0","Michael","Hill","65076 Catherine Village Suite 313
Lake Brianna, SC 96662","0","false"
"2","ayalarichard@hotmail.com","pbkdf2:sha256:260000$EZkQ6S501wzMfZRH$07c9c21a1d86c971a59f77b36c3a1ec8eb13c06ad2f399463a85b4a2ba82ad2c","Jennifer","Durham","PSC 7257, Box 2170
APO AA 50924","0","true"
"3","makayla28@gmail.com","pbkdf2:sha256:260000$nztA9hNsuGgUkWYH$80860d61216589bb40e194708ddbce15fdca76afcfbe8b5b544bf1b20e2c4b3f","Ashley","Bridges","02455 Joseph Loop Suite 590
Shafferberg, KS 26090","0","true"
"4","clinejeffrey@gmail.com","pbkdf2:sha256:260000$RJMurY5iSgOwDFD6$fd1c0dabd250db01b403c2d59f8bef3cdd410a47839aa921bd650a6df9aa032e","Lisa","Garcia","6657 Christina Rest
Port Samanthachester, WV 86169","0","true"
"5","hodgeslisa@gmail.com","pbkdf2:sha256:260000$qMBHeOqyfrrevD2E$b30cd4a0b54ea8d79f4e85bc97896896c7ba8c684c53bdc7eac15c77a7ce6341","Jennifer","Sherman","8881 Michael Turnpike Apt. 503
Camposland, CA 81450","0","false"
"6","wbowman@hotmail.com","pbkdf2:sha256:260000$ZdNmcTiHgrlEUGvi$5119e7f060e20592679cbfcff9bec44c3055188e8d9d0fe5edbc0a144ac69112","Marc","Salinas","PSC 1073, Box 1387
APO AE 39604","0","true"
"7","jeffbell@gmail.com","pbkdf2:sha256:260000$4YJXlwiwC3WWHsa0$966a41504bcdd4e8dd4ee20f37ae611e8f463ce0eee1eb1132f161354782eb49","Derek","Manning","549 Bruce Falls Suite 092
North Taylorbury, WY 30014","0","false"
"8","annette73@yahoo.com","pbkdf2:sha256:260000$HZWgEFCi9AiDU3CO$3d30b6cfa7f66df516d627c2af8eb58828195085577158166b8652eed1d41b33","Louis","Jefferson","530 Collins Overpass
Andreachester, DE 00584","0","true"
"9","ihardy@gmail.com","pbkdf2:sha256:260000$8kwwiT20g4wwYwYC$b68767ae3e4cd51d0850b364b5dc7efb9e14dae7001940178b2fcbc729110f1a","Nicholas","Nguyen","326 Mitchell Union Suite 671
West Carlos, NV 58112","0","false"
"10","fevans@gmail.com","pbkdf2:sha256:260000$wzhoFhqTEmiyaaJD$8c4d2e72eb19fe82108b2df60b03bc4ce047e3a88fd2ba8d3272bd14ae134b32","Andrea","Dickerson","60363 Walter Heights
New Jessica, TX 18965","0","true"
"11","hsanford@gmail.com","pbkdf2:sha256:260000$wAlws05mgS6miSUW$527765e0aed0d7bc37b53bd63e8021ba0eb289df181c95ecb41c4562df5ece73","Dylan","Mclaughlin","674 Meagan Isle
Larsonborough, MI 71775","0","false"
"12","ztaylor@yahoo.com","pbkdf2:sha256:260000$pzDlMbFrPayV1Ire$1833d719d9aaf7349b0af75281a1aca3162e6f65090c3c7f47bc6c8c2e2d2ca7","Rebecca","Pope","492 Robertson Street Apt. 905
Carterville, ND 22604","0","true"
"13","lisaadams@hotmail.com","pbkdf2:sha256:260000$T3lKawoRIx3bG5Fj$e9135c15c82c1313af12a71d00e9e208f4a8ef2ed64c1acb37b676a65f6611e9","Jacob","Butler","1092 Alexis Ville
East Kelly, OK 80212","0","true"
"14","owatkins@yahoo.com","pbkdf2:sha256:260000$3VLcLipdktRbNhwP$c8753445d396579f232a796213adc53648077b5720180bd8ff5a01c69759960b","Michelle","Oconnell","79514 Emma Club
Lake Jaime, AZ 85382","0","false"
"15","fgraham@hotmail.com","pbkdf2:sha256:260000$P6qzNBgkWPbUk63D$117480b344c0e110524e0b4c9b398256c7a1416347417fa0c5fb989e4aa219ba","John","DVM","370 Heather Rapid
Jenniferville, NE 09799","0","false"
"16","kaiserrebecca@gmail.com","pbkdf2:sha256:260000$wmrPlWpshjOwjEMP$4a2654be0e81f027a48808dcfb16b97feeac3eea82278b5e41990e6ec179bef2","James","Brewer","17336 Adrian Parkways
New Crystalville, VA 23385","0","false"
"17","josephmartinez@hotmail.com","pbkdf2:sha256:260000$nFT8QZj4OLR9yGUs$73dfffa65ccd80206850588b6342b5fc689fa5f74bf97f5a3094b182a25a85d2","April","Adkins","9958 Tara Brooks Suite 414
Smithfurt, CO 22748","0","true"
"18","nsanchez@yahoo.com","pbkdf2:sha256:260000$woB5Vm0P50aJIhB5$46380af54eda4d87a9341ba89fcf4e1b6e99eedde186c80879f8cd548d6a89a2","Dr.","Garcia","64319 Ashley Glens
South Ryanborough, MS 43674","0","true"
"19","kennedyjohn@gmail.com","pbkdf2:sha256:260000$mrVZRnjNn9JFSxj5$b5bf2dc6bf20515245f57ef3ee706d0ccac795b952896b31493ea99f7a142c4a","Eric","Hobbs","61808 King Parkways Suite 265
Lake Christopher, SD 13251","0","false"
"20","wrightrobert@hotmail.com","pbkdf2:sha256:260000$0eroAbwOBRoWMmMS$c3b3010473d40f31f08592e09e0dba7d312a377da60889d84dd2ee8a2ffc641e","Bobby","Berry","847 Harvey Square
West Amanda, AK 37626","0","true"
"21","laurarivera@yahoo.com","pbkdf2:sha256:260000$I92LmxvGcYfyjyG8$cb4b6f3c768068d47627a6cb8de86e042c379d1c1147089a82580dbb0160dd96","Nicole","Gutierrez","2065 Jessica Shore Suite 872
East Lindsayville, MI 78186","0","true"
"22","manuelmanning@yahoo.com","pbkdf2:sha256:260000$tZ3IitpnWuszQXIY$cc46a068d61b3d87dd97618bef0263f38e0b7247f6246a49fb2a4c7012b11854","Raymond","Wallace","4787 Barnes Coves Apt. 043
New Anna, HI 13007","0","false"
"23","steven06@yahoo.com","pbkdf2:sha256:260000$kTRESuk02sqhIrxd$588c1532a8edf36b1035e83343ed6f98a40ddc14dbcb24a4eb5b21b63d1e60f6","Stefanie","Wang","6073 Deanna Run
Port Kimberlyland, CA 96158","0","true"
"24","jessica21@gmail.com","pbkdf2:sha256:260000$E638Ivo7GtyB5RlR$8dfe642b32cd5a48dc09673283d11480ca8d1b2e8cf08bfd957c82829027f3d6","Dr.","Shepard","117 Andrew Drives
Port Johnny, IN 62621","0","false"
"25","joseph19@yahoo.com","pbkdf2:sha256:260000$4UOTU7oV4W1HmQlR$31430a38e10d05c1a53f9a0ca6a21dd79003bf7b906de524c93e9c841b0358e1","Matthew","Walsh","693 Thomas Corner Suite 722
Kellymouth, RI 41378","0","true"
"26","curryandrew@yahoo.com","pbkdf2:sha256:260000$rwKdQyST6bb3lHUy$0fdda41f73d40595443ceaa439bf456a9c873ba1112df72ef36bdc1ae02dc270","Randy","Rodriguez","231 Elliott Prairie Suite 619
Michaelburgh, WI 02835","0","false"
"27","wagnerangela@gmail.com","pbkdf2:sha256:260000$Q0cWQGNxgZJCxNcx$9256e9636fd22ff8bfa3f728d3fc059e570e79643cb23a9a859c7721fecff853","Raymond","Allen","042 Oconnor Underpass Suite 940
Jerrymouth, SD 60922","0","true"
"28","randy95@hotmail.com","pbkdf2:sha256:260000$GrM5MluMDrOdzcWQ$ff0757e42a9a246d864cd87634b15479fe2d446eec012a45eaf676ce86c46234","Yolanda","Thompson","1078 Erickson Island Suite 061
Kellymouth, CO 67046","0","true"
"29","reillymary@gmail.com","pbkdf2:sha256:260000$90GmegYIY6CMrU8T$938fa8f5f73e2f0436daa5758274ccea83812e39fdf243e8119fafdd9d473b20","Brian","Owens","350 Anderson Shoals Suite 034
West Lisashire, CA 77024","0","true"
"30","gregoryrichardson@hotmail.com","pbkdf2:sha256:260000$aog1ymBmdmK63n1Z$4ad055cc9f7520d1448dd78d145ace50f10240234d7669c9b3732fc0154b209a","Laura","Cooper","515 Benjamin Views Suite 064
Ambermouth, ND 68728","0","true"
"31","whitney87@hotmail.com","pbkdf2:sha256:260000$q0L44TyPkzUPr0BA$a107eb8507f2c832712b37fc26af40f6c5a5c764b7bc904f7009411c5ab062ff","Rachel","Bauer","Unit 2148 Box 4461
DPO AA 61634","0","false"
"32","sstewart@yahoo.com","pbkdf2:sha256:260000$QzOfwIHpryJqKnIm$7fa7bd8954149b5a1cc4d9f53b5b092d46fec977d1887eff716e116c3c2e3e10","Katherine","Chen","140 Amanda Spring Apt. 091
Murphyhaven, UT 45485","0","false"
"33","jordanschmitt@hotmail.com","pbkdf2:sha256:260000$QWpU5nEAt2TUvm3o$448111eb4e07dab9060c937874c180207e91762b4a3e2d7d8ea0e91ab8897bcb","Kenneth","Scott","Unit 5027 Box 5088
DPO AP 11184","0","true"
"34","johngutierrez@gmail.com","pbkdf2:sha256:260000$M6ueJxU3UqeO3lnW$a967dd567bedda3f3c2533755de9b3693dfadd0b77793d4c1ab4d59dfb15801b","Thomas","Nelson","Unit 4108 Box 4600
DPO AE 24984","0","true"
"35","uwright@hotmail.com","pbkdf2:sha256:260000$TfDShNuqHQWICitI$2d6b9cbf82a3af7865f4d3e676f5a43a756cfec630ef24a900e87b14b11b5e1e","Logan","MD","USCGC Montgomery
FPO AA 10222","0","true"
"36","scobb@hotmail.com","pbkdf2:sha256:260000$cLzcVkSoD9ZWROa0$df1b5784b86714887edfe6c237710967e6640ed35c1711bc13f83c3836bcccc5","Danielle","Ewing","53724 Duane Islands Apt. 480
South Charleston, SC 71923","0","true"
"37","jennifer70@gmail.com","pbkdf2:sha256:260000$TWWxzMaoAW3MQ3w8$871972affc0cb70d69b7deaa1cdd8b1d34eaecd1153f789e7b5a4ee47f615c19","Spencer","Carlson","85964 Cathy Centers
Manuelberg, LA 22118","0","false"
"38","kthompson@yahoo.com","pbkdf2:sha256:260000$L6ZOwDfKg4x03uaI$72548eae9b53a0d7a137c218b34bde950782528b2337130f4c29314dda91ac2a","Peter","Robertson","61833 Farley Street Suite 325
East Mathew, VT 72889","0","false"
"39","uwagner@yahoo.com","pbkdf2:sha256:260000$bSViglJmQofXqpns$4fb5d6a91115638f524e29a87fe036857ae1a63fa53a4d3e7ba05a3599da7bc6","Corey","Whitaker","76916 Lisa Terrace Apt. 332
Port Erin, OH 99830","0","false"
"40","blackwelljohn@yahoo.com","pbkdf2:sha256:260000$NAQNziL1RMcZWaV8$d6e2a2a91d8905cf1cf9762b8e35ad48276ea1ec3029ae60585cacf9f22a75ee","Jessica","Tanner","47672 Jasmine Walks
West Vanessaborough, WV 04308","0","true"
"41","pruiz@yahoo.com","pbkdf2:sha256:260000$FCzRT7xL26Kqvojm$c2117b6acbb95a4e319f95e32f68ea7c6a3f9267ba568a89548cc83ef350f073","Jaime","Mitchell","464 Darren Tunnel Suite 064
Lake Carlosside, OR 31816","0","true"
"42","maria20@hotmail.com","pbkdf2:sha256:260000$PXsVCopHUkTU2NyU$7d0b282109327dd85dca9aeb0cff87e9c744db96206c61b9c759a2fdd87c6f82","Michael","Williams","916 Chavez Centers
Carterburgh, NV 04918","0","true"
"43","mitchellmatthew@yahoo.com","pbkdf2:sha256:260000$wErpwEPV55OLgb5e$b7a0b9a696d22c24f6f6a36435f87f8a3f4ac9bf9ea45718ea6ddce8e6b7e201","Stephanie","Larson","287 Clark Landing
Port Ashleyton, DE 59102","0","false"
"44","larsenamanda@gmail.com","pbkdf2:sha256:260000$2tCTIsJQ5uaUF1vT$e027fccd673f39bba441cc8310b8a830551d762b46fc780125ee1341bb09b5e8","Brenda","Carrillo","3062 Bryant Estates Suite 419
Davidburgh, MS 06263","0","false"
"45","james30@hotmail.com","pbkdf2:sha256:260000$1b2Vo5ErsYBRJDjq$72e31f2e77ab03fec4d3174c8808958e31a51175983891e55431beba44a3148f","Samantha","Buck","9513 Holloway Ports
West Joshua, VT 61470","0","true"
"46","williammcdowell@yahoo.com","pbkdf2:sha256:260000$Fwms50JruC9E96aT$e3a1957923fa9961b7ccf81e3426e4e30da23a90ea94a4f8d41b3fd57469b80b","Theresa","Salas","70513 Isaac Ports
New Davidstad, DC 74698","0","false"
"47","scottsmith@hotmail.com","pbkdf2:sha256:260000$CkYAS6gnNjb3chd3$2b9298d57f4288d45ea0b484149ac8abe2f8a6104ae6b47db4e1bde102fc5480","Anthony","Daniels","6540 Andrew Junctions Suite 723
North Davidchester, AL 15233","0","false"
"48","hartmanbryan@yahoo.com","pbkdf2:sha256:260000$BypEGSnaF0NJ8O1J$9e96a0f5aea416edde4f17403cca0ef68f20c1efb5b6cb20ca86816d00263af1","Michael","Garcia","2817 Elizabeth Heights
Lake Thomasfurt, AK 50137","0","true"
"49","vavila@hotmail.com","pbkdf2:sha256:260000$aIjkoNoIYChYV4kR$c497d8f4363d4db67f6d9cacddcc5f97b91ccfdc234ef637300ef7d944b16705","Michelle","Bennett","70959 Terri Route Apt. 507
Barajashaven, WV 92673","0","true"
"50","vskinner@gmail.com","pbkdf2:sha256:260000$W7yYU7yHR4kNRWFz$3949e29ce16c9e85c6c2fdeac2180f66c2a732886eb7ddd7dcfd74102e7143a2","Morgan","Stuart","900 Daniels Shoal
Muellerside, NC 88516","0","true"
"51","samuelfarmer@hotmail.com","pbkdf2:sha256:260000$sZVYOYSqWnH521cc$43320f109ac474562d79be7b56cd2432ae26943f1974202a3bca26f3dfdb653c","Erin","Frank","9015 Hernandez Track Suite 113
North Tiffanyville, CT 88564","0","true"
"52","julie89@hotmail.com","pbkdf2:sha256:260000$O6T7270J9d1YrMf0$19ad552963b913bab80b9dc13e1e15e094f1d4df30689059bb1560d7564d35cf","Sabrina","Lawrence","5230 Rowe Curve Suite 389
Ericside, NJ 07057","0","false"
"53","hdavis@hotmail.com","pbkdf2:sha256:260000$zyRSAY9Sm2W9gI25$0a23c680a8fb7c109d6f2ccd506da8ee90fad5f5e81c35b34bb0f9aadefb4367","Beth","Lowe","Unit 2741 Box 7298
DPO AA 67348","0","true"
"54","hansenrussell@yahoo.com","pbkdf2:sha256:260000$t3lQrBBIFf3ldLWD$d418af3fab38278bcce322fdebe0d8e4d06314283eb8234c34ecbc1142c2864a","Rebecca","Haynes","USS Ortiz
FPO AA 42924","0","false"
"55","maryhuber@yahoo.com","pbkdf2:sha256:260000$pDoqhjKRI9xUm0ei$1b64e93c6d3eb0106aaec74d1efbee0bcde80f643f2f83782f081e7026c54849","Brian","Deleon","Unit 6563 Box 3414
DPO AA 98815","0","true"
"56","thompsonmichael@yahoo.com","pbkdf2:sha256:260000$axY2GHG4Qhj9NESN$44a95fded2cc963c3427814397dc216ef1bf16ebd2bd85c4eebdafdea2a8e74c","Sarah","Marsh","034 Melissa Estate Suite 478
North Sarahchester, OR 08209","0","true"
"57","fdavis@gmail.com","pbkdf2:sha256:260000$koIu1AnYxAnYwGEs$85c6c913f9df1e7459c33dbac375d8d3afc052399005bc12c33371955ff5f49c","Kevin","Hart","89553 Villarreal Tunnel Apt. 570
West Casey, WI 62914","0","true"
"58","zbrown@gmail.com","pbkdf2:sha256:260000$DyKRiAsQdJlOMGcL$cf32b37ae2ac97a85c43329f56124537349d26e8fb9cbe9ee1e69745c8e6ee41","Trevor","Taylor","507 Laura Key
Brianberg, WV 34314","0","true"
"59","nperez@hotmail.com","pbkdf2:sha256:260000$XUB8Jvv45cWLFB6s$6455a90d56b7ba4582f3e6e397efc2c53d9e856c96a2194389c1d96c2ca6fe79","Lisa","Wu","4051 Knapp Pike
East Cynthia, IN 71015","0","true"
"60","david50@yahoo.com","pbkdf2:sha256:260000$Hw4eCJIYn20WgvLH$3d0baad6890cc131d88f7f0c1732d9c0901afc422c189ddc1c115b1c4ef3b780","Sara","Green","6188 Bailey Lake Suite 832
Gibsonmouth, WY 65183","0","false"
"61","cynthia07@gmail.com","pbkdf2:sha256:260000$ocE7aBa262TtqsFu$0376194040765b00d0cc8fc973f2cd8825d5ace4e8b5fc1dfb5860aba0342acd","Paul","Adams","41486 Waters Plaza
North Rachelfort, WI 52431","0","true"
"62","ntran@gmail.com","pbkdf2:sha256:260000$HG45Vyq1MJ1sKvBf$0dafc16684dcc50b1fd3879d22120619ce49d55853e284a5a520780a5fccb2b3","Travis","Parker","5961 Amanda Tunnel Apt. 511
Cynthiaview, CA 89437","0","false"
"63","danielshannon@gmail.com","pbkdf2:sha256:260000$XfRB5TpcbaY3g87b$8d2d687e05f9b5931edc6feb64f3023970e52bb35ada8c76e340a924f21b0d76","Dawn","Rodriguez","9734 Fox Lake Apt. 376
Odonnellport, NC 37070","0","true"
"64","james87@hotmail.com","pbkdf2:sha256:260000$TeDDX1zix0Naq1a1$a1c15f7f061cfe91765da9274d0839fc3ae8af348765b57f3abfe5e333227f0c","William","Kennedy","361 Stephen Camp Apt. 155
Beverlyfurt, ID 61476","0","true"
"65","townsendjanet@hotmail.com","pbkdf2:sha256:260000$5gwSS7LuglE0o4ph$86578c79b249e7d53d3fadf09146ee5552fd1542897a68cbd33ffd683f9f3dac","Kevin","Hines","PSC 8843, Box 1770
APO AP 38940","0","true"
"66","aaron49@hotmail.com","pbkdf2:sha256:260000$XbVhTbC46M6PAmPc$59541677292745e359c97a011d988ca3e017b0b8a34f84b58b25a87dadb6c6b7","David","Meza","49828 Phillips Burg
New Joelshire, MT 75605","0","true"
"67","lisabush@yahoo.com","pbkdf2:sha256:260000$vuFwJunXRfG78i4w$3ccffef3b1a5eb187673eb7bcaf3babbb1103e88978106ac1875acd8fa99ef37","Taylor","Kelley","742 Steven Loop
Cynthiaville, AK 69380","0","false"
"68","vbarrett@hotmail.com","pbkdf2:sha256:260000$0F2MDtH6uGpLSkIO$6c56f8c92845abf7f0f523440cb1799dd296aeea1b8f350c2f0d770cd919bed2","Margaret","Conner","881 Alison Pines Suite 153
Mossview, PA 06552","0","true"
"69","youngdaniel@hotmail.com","pbkdf2:sha256:260000$jYIjTmCcynWjhP8E$c4782dcea2d980ee0a7b3f16a6e83bf29d3f663d39aac2f414de5307d1409a95","Rachael","Fitzgerald","57909 Susan Station
South Judy, OR 44284","0","true"
"70","ndouglas@hotmail.com","pbkdf2:sha256:260000$9GttK0GJUzRFGTpW$0fef74fa8f4cbbdf17291a60d2f11a219512fa09235aeae0a135f0a26f1d259c","Rebecca","Bailey","PSC 6734, Box 7875
APO AE 51653","0","true"
"71","gomezalicia@hotmail.com","pbkdf2:sha256:260000$q8cGF9riCoBU3RUp$588dc2f8475cc6cba844f7e3f083193058fe46d3ad6ee1f220241aa07e9fd66b","Mark","Schaefer","3664 Megan Valleys
Kirkmouth, PA 84547","0","true"
"72","gregory16@yahoo.com","pbkdf2:sha256:260000$0BKlWiZwdQ3XLVXn$8d6e1d421abc1783bc705f68c08651b7054f2e400907657e4cad4b310fd6e1d2","Sandy","Allen","2139 Morse Cape
Davidmouth, VT 32677","0","true"
"73","lconway@hotmail.com","pbkdf2:sha256:260000$uMq0SHLj7CsQFdmw$14afc8bcbd8e3f277abaa9237b9601acd574b2e5fc7774a12365f6b2c11630d2","Bobby","Smith","50518 Jason Overpass
Teresaberg, ME 71490","0","false"
"74","bpierce@gmail.com","pbkdf2:sha256:260000$wF8PLX9PUOp9yvz7$8189c24a27fe46975ecf497e7f7230aa5caa261178eb391841da5172753a3ec0","Sue","Christensen","08674 Sarah Creek
Armstrongton, DE 69245","0","false"
"75","kross@hotmail.com","pbkdf2:sha256:260000$6ftJ0feEKlOgZOkh$a7471b29c6fdc2045ef7937cdaedcaa1d8888cd093c148119378039d083f0171","Catherine","Ramirez","75733 Daniel Parkway Apt. 534
West Benjamin, FL 86890","0","false"
"76","tonyakeller@gmail.com","pbkdf2:sha256:260000$JJGokph7A9CfjZsY$56c6577a59543656e6d9ba565814f6efb48e5f080febb3375e71e88541f18895","Patrick","Fuentes","3462 Mitchell Greens
Jasonton, NY 94440","0","false"
"77","yquinn@hotmail.com","pbkdf2:sha256:260000$KVlFXCk1lWysistn$188eba462d009c9e283119af4fa602fe9dee3ab3f07399b340670ff784fcb51c","Cathy","Reynolds","Unit 5440 Box 1507
DPO AA 03300","0","true"
"78","ashleybrown@gmail.com","pbkdf2:sha256:260000$NlWmfqcgXHb2mstZ$2525de2b1271a6bd85c32bc9592e337aa43b8a9f5014466979bc32a65707ea3d","Malik","Edwards","USCGC Hendricks
FPO AE 57249","0","true"
"79","nicholas89@gmail.com","pbkdf2:sha256:260000$ycMjlfVyLFXI37wf$7306c991b27829731b73f16a3b8c20438502cfa78c2ed330deb474d6aa96e61d","Kenneth","Rivera","PSC 4075, Box 3508
APO AP 62980","0","true"
"80","jsimmons@gmail.com","pbkdf2:sha256:260000$D3ztNclSLtpL0YOX$f07ee583ac169c2050df9a2a729476b3efbc10183b60caab59ddb0b05aa29656","Daniel","Nguyen","03191 Galloway Fords
Port Scott, AR 73846","0","true"
"81","hhall@hotmail.com","pbkdf2:sha256:260000$kMv8mi3N4YPsrOXA$dc119f140e5d676709d005d6109d0fc7f8b4d8a9318ac35257e7606190297efa","Melissa","Allen","2309 Elizabeth Road Suite 727
Maryshire, GA 09842","0","true"
"82","angela50@yahoo.com","pbkdf2:sha256:260000$zNy6GcYOq8T8QtmA$cc5e2fe657889b67045a7b1a503217a321222a0b0e3165ce59c42b692f5dc0f4","Christina","Odom","300 Vanessa Manors
Johnstonborough, DC 88666","0","true"
"83","amanda42@yahoo.com","pbkdf2:sha256:260000$dyV9cpeQYRF6Mjte$cf5e712b88a1251d9b441b90a6dd6379ebe78bde85ea20900f5a7b667b2103b2","Sonya","Moss","1349 Carey Mission Apt. 054
Sullivanborough, DE 03854","0","true"
"84","pblanchard@hotmail.com","pbkdf2:sha256:260000$RkLMtvpMrftsZtPR$871ad2975104291b54565cbc8cf5193f64eee0b15c23a7943cbe8f09db2c393e","Emily","Mcclain","17320 Manning Course Suite 060
Hansenland, TN 05966","0","true"
"85","myerskevin@yahoo.com","pbkdf2:sha256:260000$YPgyekr2n4Yxamlh$e8c50e70af2e4633b7015514541b6f309f86f3cde0bc6d418acdae24700fad04","Zachary","Long","80962 Dunlap Islands
Craigtown, VT 67907","0","true"
"86","aroy@gmail.com","pbkdf2:sha256:260000$fNO4cMohqiDRGwMz$1950d6726b7cb60a6666909ccc5ad539402a3ba90890bce324da995957363e32","Jared","Tucker","0838 Hannah Knoll
Pollardmouth, NM 44402","0","false"
"87","blakestrickland@yahoo.com","pbkdf2:sha256:260000$rb6T1WjOGyWB9FRs$5e3007749ae973facad6c8c8d09326b5ccdd9c7e5b17064f379afbba8b22da85","Matthew","Mckee","63567 York Stream
Klineborough, LA 93975","0","true"
"88","william37@gmail.com","pbkdf2:sha256:260000$UtbDzQgxPyao1YkN$0e84982e7670e5d109bb1461c3b2895c28e195d19a5dcfc758abae0b8cf39103","Aaron","Key","70364 Guzman Loaf
North Michaelfort, ME 59922","0","false"
"89","emcclain@hotmail.com","pbkdf2:sha256:260000$IxeODPRitEqKiqoO$4d0de5c70c5e6cd68f3274f57849ec0b0bcc8818c297a5f6ab8dfb0be3ef46cd","Johnny","Chapman","038 Kathleen Point
Brandiside, CA 76279","0","true"
"90","alyssahuynh@yahoo.com","pbkdf2:sha256:260000$XKgEMNP8GH51o4wq$56c2e863babc924c3382f0db7cb91566e3644048c3cb5baffcd33b63ff5c96e6","Leah","Sutton","4978 David Wall Suite 226
Port Jessica, NV 10041","0","false"
"91","stephaniesalas@yahoo.com","pbkdf2:sha256:260000$ibjZrMAM7HqKQGDf$30a54d7e613d2b19c33f4d36bebe015c802ccf765676b1bf82b6387148a70169","Frank","Sparks","948 Smith Field Apt. 230
Kimberlyview, MA 96547","0","true"
"92","jacksonjames@gmail.com","pbkdf2:sha256:260000$Q0CYvZ19Lzh4S7no$e66e7a9eb9db34ec7f10f8a7a01e86a907e8483a4fbac1a8cc5fa621918dd0f0","David","Mccormick","424 William Flats
West Brandon, WI 84528","0","false"
"93","fpeterson@yahoo.com","pbkdf2:sha256:260000$iu2kpFXlpgT0NMps$6db33f4fd2af3a4a4a8017a3fc99b837c3416b3701fa8aa87dba71c5cc783cb5","Larry","Jr.","28529 Timothy Lakes
South Paulmouth, NH 26195","0","false"
"94","dunnderek@yahoo.com","pbkdf2:sha256:260000$iE3V42UU93R3yY1m$80daa689bca74351fec33a4f449c88eb30c6239b079f76a67519598a97981757","Kevin","Holloway","15178 Reeves Grove
North Kaylee, KY 97836","0","true"
"95","fisherrebecca@gmail.com","pbkdf2:sha256:260000$A62PfAUiT0rX29bL$42176c707c569a7db4afecb3635e0121a8b7a84d216b5c3135dd032abfb6f92d","Shane","Evans","PSC 3530, Box 7847
APO AP 39151","0","false"
"96","vgibson@yahoo.com","pbkdf2:sha256:260000$JjUCxszUoiNW5ftA$1d75661df5948cdde3669fd0a5dfcd06dcdb107c58b180447fa8ee5d1b0b6c35","Katie","Alexander","2039 Hensley Highway Apt. 055
New Joseph, ID 36089","0","false"
"97","monica78@hotmail.com","pbkdf2:sha256:260000$u7EGGSo4OoPLU5Po$d8948064d470c99f82b80c9bc8ca9ca53c005d3843f33b78d40827d9a0355968","Kelsey","Cooley","4153 Shannon Parkway Apt. 943
West Sharonmouth, SD 26369","0","true"
"98","welchmicheal@yahoo.com","pbkdf2:sha256:260000$ZLHPXjC74rkVsSQD$78194b53684eb2b0ceee3ac208d418989276414c14f13d668537cfb65e370427","Michael","Lloyd","615 Mario Lakes
Reynoldsburgh, SD 88865","0","false"
"99","jacob13@gmail.com","pbkdf2:sha256:260000$D0ncUaLidks56U3y$f6d98a3b508b4ac1b9cf21c07a330c83c89819aecac976705d125ec195ca4574","Kevin","Montgomery","486 Samantha Trace
Shannonland, MT 00905","0","false"
