"0","tamaramorrison@hotmail.com","pbkdf2:sha256:260000$Ca7S5QwkK3WnIHjA$15016d377e643f6de3c79fffb82c4b50fd8988b40ec17a9029561cc0197973c6","Gary","Cross","9342 Lori Bypass Suite 711
East Sandra, CO 92162","0","false"
"1","carlsonholly@yahoo.com","pbkdf2:sha256:260000$HnoY0sb7jN9Ao33T$ea4a8573aa834ffbb57a510b9d75cc2f43f278213eff9201da9872f19bc8124e","Tracy","Robbins","230 Megan Junctions Suite 197
North Thomas, OK 67164","0","false"
"2","bairdemma@hotmail.com","pbkdf2:sha256:260000$Z55ME43F8WSuTlOq$60ceb24c5623908ba906fe852f8e9b1f63b295e17021af895cae34763948e90e","Anthony","Carson","4217 Burton Brooks
Robinville, KS 17988","0","false"
"3","tsimmons@yahoo.com","pbkdf2:sha256:260000$hFuNJwUQbpeU4ZDF$4392be7100a1e54cf57e9950b5c039e818976ea17e9fc00b82aca8aefd431bc4","Joshua","Carter","96111 Kara Circle
Smithfurt, NC 38488","0","false"
"4","berryerika@hotmail.com","pbkdf2:sha256:260000$NYjXIin3BpGo0iFC$2a597bc814ad2c629f21b54dce75fdafd6d1642041cf6ea5b1d86594f1bf7042","Lindsey","Moore","634 Petersen Orchard
Lawsonbury, AK 86613","0","true"
"5","debra94@gmail.com","pbkdf2:sha256:260000$9JgCaby6Tbxn3Ppn$fb05ef176a5336988a8cc9cb984320a67861450d060302ae6d1374709b979fe6","John","Ellis","306 Watson Field
Kellyland, AZ 64223","0","false"
"6","eric22@gmail.com","pbkdf2:sha256:260000$ML8AnAIBfBASEZ7M$2e2e1b01337088dbc93104a2c3eec268bda3ae2de011c4d61559c99f85be8491","Melissa","Cantu","45602 Phillip Squares
East Robertside, WA 19150","0","false"
"7","bramirez@gmail.com","pbkdf2:sha256:260000$y0dK5iWRqLc4TVXZ$4f3e9a564e1d0feefec7876dc50954c8f06104c8eab07e0f4feb9166f358c199","Michael","Montgomery","46896 Garcia Glen
Justinborough, CO 05147","0","true"
"8","yroman@hotmail.com","pbkdf2:sha256:260000$8hcmQLETXNsib9YW$026740b117d80b2eb4153d115d07d5c0d9df229933344b4fc7add3003abefea2","Andrew","Oliver","90603 Monica Lakes Apt. 239
Cheyennehaven, LA 46778","0","false"
"9","torresandrea@gmail.com","pbkdf2:sha256:260000$FkrOYyNRYudowvkg$0444410e3c0bae1bf6597c62ac48ab44c748f926e9479c186254eb699af7050d","Erica","Bryant","67771 Christopher Courts Apt. 637
Port Ronaldfurt, HI 33233","0","false"
"10","kathyharrington@yahoo.com","pbkdf2:sha256:260000$pgBtkZlqU2u64Uny$27039235edd4eeaf573a9714da7ebaad2da0ebb0b9266ee2ec2c3b8ee083db06","Mitchell","Payne","23659 Cristina Coves
New Caitlinfort, ME 02157","0","true"
"11","christopheryoung@gmail.com","pbkdf2:sha256:260000$tXaD5EDflzFINsIF$36c5499239b24bf9d748cf915000a36f73d5309ed8ead2139116473ac707cf76","Haley","Beck","USNS Newton
FPO AP 74085","0","true"
"12","ramosmatthew@gmail.com","pbkdf2:sha256:260000$fvWoAz0IDoucrG5l$e6468d5052578a5f5d37942542bd98f2752008fff5091dcad43fd61f5d7461ce","Vicki","Ballard","931 Ramirez Village Apt. 821
New Daniel, SC 71728","0","false"
"13","anthony04@gmail.com","pbkdf2:sha256:260000$fcteZGlu2PMqWOqn$87f198e57a61c8070d8b0960d18e91652a5ae73908773591a09f12a918d81a94","Jonathan","Simon","609 Gomez Port Apt. 945
South Thomashaven, AZ 11181","0","false"
"14","gutierrezbryan@yahoo.com","pbkdf2:sha256:260000$lg25EJ1WxxVXgGie$bb8aa2f7e8e8c8b51d788b076d22a09abf1adb567a965f521ff66e90342ec0fc","Kelly","Mckinney","251 Brown Knoll
Emilyshire, NH 54532","0","true"
"15","kford@gmail.com","pbkdf2:sha256:260000$qwzV6KdKCN2bc7v2$0ecaa515e10d5cd5e78ddaeff332fdd054540f58d41df0893f2360aa4703a7fc","Aaron","Morgan","90622 Anthony Islands
North Brandonville, RI 19859","0","true"
"16","kenneth04@hotmail.com","pbkdf2:sha256:260000$0EmmjGhPXyZEbHVe$7b4926a4fd56c132c5e8d82311ebc4d884a668c974d841bdf7bd7d5ffaea08d5","William","Hamilton","6352 Daniel Knolls Apt. 069
Fordland, NE 71923","0","true"
"17","samanthajackson@yahoo.com","pbkdf2:sha256:260000$zWp6E2EpDTD022JD$02ec6b7c86e118ae0555c16ada6c8e2e04faddfe26eaeb417c85a2177dc120b3","John","Rodriguez","96538 Williams River Apt. 487
Kennedyburgh, ND 48253","0","true"
"18","mariahwilson@yahoo.com","pbkdf2:sha256:260000$fe4iEji3zvRc4iZP$1434620b8fb85107f2e0f56653249da5fd02303f839a2f91f4cf77509952fe9a","Victoria","Hill","556 Howard Locks
Michellefort, LA 16311","0","false"
"19","sierra14@gmail.com","pbkdf2:sha256:260000$YUo3MLCmM4jGmqQM$ee640dd0472dc8b112b49e941451dfaa06c0a4f3bef84baba80fb433352eaa8f","Christopher","Young","3953 Romero Crest
Lake Rhondaville, NV 62078","0","true"
"20","carlyjohnson@yahoo.com","pbkdf2:sha256:260000$3Fc0D0EE4G0ddH5D$71d1e8069d74fc7e081eb89610e59fa310e755a5f934949b6056300c76b52e0a","Amanda","Berg","00237 Donna Coves
Middletonport, TX 44822","0","false"
"21","jeremy94@gmail.com","pbkdf2:sha256:260000$H70SAvcgREVAMBcc$70301c002cecf05e35b899ae7d824b0d6d351c6cab20f17c48154641f3ce6711","Damon","Jensen","87656 Darryl Rest Apt. 201
Wrightview, MS 15630","0","false"
"22","john64@gmail.com","pbkdf2:sha256:260000$qoX0MaEkpFHy6I8o$9f158eada2c1d017b93681e692c23e8aec3c3b5a306a90120a3583eb65d59001","Sabrina","Parker","55840 Melissa Square Apt. 490
Barnesshire, KS 41493","0","false"
"23","nwagner@yahoo.com","pbkdf2:sha256:260000$42vOobtNRPIHRhLG$3e2f4bc333e727462ecb462d28e79c5058d23b5b3d2e48fe3ed150ae4bd973a6","Victoria","Stephens","18010 Julie Mission
Tracistad, MO 34350","0","true"
"24","smithsabrina@gmail.com","pbkdf2:sha256:260000$5nKHTkq5ll4K93BL$e6c6eb0d50da6efbb7244bc5bfca24092a684d4e5c5a7e2bffba26d7b82cda11","David","Turner","7551 Casey Squares
Port Geraldside, MI 97280","0","true"
"25","vschneider@gmail.com","pbkdf2:sha256:260000$scCekCwY1XbGO2AZ$f19edd44280c671f25d67edbd05dfc2a2a6564b91ecb6f5ccb7b89ba614d035d","Brian","Kelly","96284 Sullivan Village
Lake Maryside, OH 17162","0","true"
"26","umorales@hotmail.com","pbkdf2:sha256:260000$TA03kW2TIXVVS3YJ$750f7456558b6be24caa9dfb36920be1a466920125fd755d0a3c2fb8ced1302c","Jessica","Frank","PSC 7853, Box 8065
APO AA 67652","0","true"
"27","michaelrussell@hotmail.com","pbkdf2:sha256:260000$0WFMV7QEB6K1Gt1y$0e77857e424e1b006a7e0ac8a2f6cfaaf74359371b8c3c28be477f315040f867","Lori","Thomas","287 John Heights
Barnesmouth, TX 97852","0","false"
"28","barnesdustin@hotmail.com","pbkdf2:sha256:260000$EKtrlIzvXnaSVrHX$be87bb8ca6dfca7ccc4a0aa0d65cfaeba2564f264607155d0fe8e76d46b8c120","Chad","Bridges","275 Hall Run
Emmaborough, MI 64745","0","false"
"29","aliciarobinson@gmail.com","pbkdf2:sha256:260000$qA7mMX84A8Lpkeew$bf0aac885dac16911069ae2de849d1158cf527bd2682a19e18651efc20f1413f","Elizabeth","Wallace","PSC 1829, Box 3898
APO AP 81899","0","false"
"30","jfoster@yahoo.com","pbkdf2:sha256:260000$mp9do9yaimaarbRS$cbc907ce4c3ec297ccae7e9e71d1e0f811cfc7617635612ee2a228a8bf773418","Sherry","Vincent","397 Moore Drive
Bakerborough, GA 18758","0","false"
"31","joel44@gmail.com","pbkdf2:sha256:260000$PAT7AsFy82f5FZ6n$c6d5f48dbff338efe78c280dec71c207b0085f09cd956ff0dca27bac520a5897","Daniel","Davis","7048 Mcdonald Ville
East Mary, CT 50949","0","false"
"32","shaun33@yahoo.com","pbkdf2:sha256:260000$GndflKJ0ajvg3IeB$6c421dded66720a49e426330545d421aac9096d7ff90348e90f4fa1c30aa3c1e","Kristin","MD","276 Dakota Coves Suite 348
New Kimberlyland, ND 81308","0","false"
"33","mrichardson@hotmail.com","pbkdf2:sha256:260000$uYxshdzCqutZ2Jil$54d713dc952fde2c0ad520298a3bbb01b3cf34f6cd2c4c170c1f445e21780107","Christopher","Koch","188 Austin Fords
South Andrewfort, WA 45423","0","true"
"34","jessica44@yahoo.com","pbkdf2:sha256:260000$cxoRJWarEtTp75pa$52ff946098173d4fad064e1efcaca2adec93278c551a5ddc2ab02cd625f2a9cd","Stephanie","Wiley","7104 Sarah Motorway Suite 836
South Billyland, AL 39113","0","false"
"35","james18@yahoo.com","pbkdf2:sha256:260000$UhP5sKpJojUdTGF3$3f6765b2229abdbf1e79843d94e1691d8a466f06dc37b113170881ee999adb61","Vincent","Moss","19356 Susan Trail Suite 850
Jesseton, MT 70897","0","false"
"36","rebekahsmith@hotmail.com","pbkdf2:sha256:260000$zvkMGm7YK4JNH4pO$59fce877950ae2ab8d3639988849cc422304a0a7404314654693d9b054bba453","John","Santana","2648 Flores Stream
Henryville, PA 41804","0","false"
"37","taylorsteven@gmail.com","pbkdf2:sha256:260000$aolMUGv0YybcQstC$263ee4c0949814f32a12bad57200a4ff62f8f5fd034c8ae3fa234f3b8620b875","William","Burns","2750 Garcia Courts Apt. 449
Henrytown, WV 62767","0","false"
"38","myerstodd@gmail.com","pbkdf2:sha256:260000$kwfM6qdqB2TGXOoz$80883f2400c8b4bab3898a72f3e2c3555ceb192ec6708cfb079facbd3b1b1013","Zachary","Rodriguez","16914 Barbara Courts
Port Julie, MO 23058","0","false"
"39","yolandabraun@gmail.com","pbkdf2:sha256:260000$XTIv5Ib7T5beGMBC$3790c16e83361e7cc1f76d5b43a6b7557afadc8533061fd9230894f761982d15","Kevin","Walsh","720 Anna Brook
Port Monica, MD 41373","0","true"
"40","samanthawhite@gmail.com","pbkdf2:sha256:260000$AvvsgoK75K2dRFSc$33162baa861ee948282547252d20bc2fa452a95b250014ac0c92e3a548afa6ea","Stephen","Waters","48829 Doris Crossing
Gileschester, DE 07631","0","true"
"41","lindsayturner@yahoo.com","pbkdf2:sha256:260000$QuVYhLdKvn7GuEKo$6ce910c7a0220a95619b93c877337bb1b500a676db8b434d41c64a88ac6e1dd4","James","Klein","95260 York Ports Apt. 168
Kaneside, WI 18675","0","false"
"42","amandasnyder@gmail.com","pbkdf2:sha256:260000$1x0v6UbLxwT3DzpR$cf72552315d8e435f2d48b852aadf17b555a8ff57500062d30cc67c5a71cf06f","Billy","Hudson","73849 Edward Vista
New Matthewport, ND 30147","0","false"
"43","jasongonzalez@yahoo.com","pbkdf2:sha256:260000$iU1XVGT089nZDyhT$d68db1579ec8c8cd2ae14d09e3095e7a1ca4fce8c227ef2ece83627c1597dc0e","Ashley","Glenn","29640 Salinas Creek Suite 263
Gillberg, SC 58508","0","false"
"44","toddphillips@hotmail.com","pbkdf2:sha256:260000$2aTY826ZqE3mplbq$8e4c50620c0057053673630e572d3f72a009b6c9a4b819865c0241d38f6d8528","Wayne","Reed","3564 Hebert Cove
South Lisa, NY 17497","0","true"
"45","smills@yahoo.com","pbkdf2:sha256:260000$harRF6FD2ECFxaQh$f1d39193175f5be7e7e5a594701f97ae1fbb56aa3304b34d7f5d98b19a059242","Brianna","Howard","06485 Vickie Junctions
Jenniferland, NV 17188","0","true"
"46","jill85@hotmail.com","pbkdf2:sha256:260000$mol0lUZo2FseuvNQ$ddddb03a4a9167f3e12c79319704aa1a36c2303a84af28d6e8749dd6ae55cc71","Mrs.","DDS","23312 Bob Points
New Marychester, SD 59471","0","false"
"47","rowemichael@yahoo.com","pbkdf2:sha256:260000$JWGLoqRwdykyyrWU$b07edca3b5fc90bf9e561477e248a96d0add948e3b1721355377da79463708eb","Jennifer","Griffin","47088 Flores Groves Suite 150
Guerraburgh, RI 39112","0","false"
"48","taylorterri@yahoo.com","pbkdf2:sha256:260000$pAoD4MtjaiB16I2e$3e340115ad232df0171dc575b137e90161c086442a248d34afa419f3d9b443f8","Wesley","Harris","292 Donald Plaza
South Paul, LA 45626","0","true"
"49","richardharding@yahoo.com","pbkdf2:sha256:260000$9SEEPsti2Tgt2gia$447a76d200bca881d3bfde91005375c473c78bb3bef5147dbb0edabf858162b2","Mr.","Riddle","0422 Martinez Road Suite 296
Lake David, NH 41606","0","false"
"50","martinezsarah@hotmail.com","pbkdf2:sha256:260000$GkQX3kLM6icfxeke$08fdb123366dbe7e536f90673906960d5e86f7186829e7b6954624ac28cdf286","Kathleen","David","9516 Cook Ranch
Melissaside, AR 04391","0","false"
"51","alexanderboyd@yahoo.com","pbkdf2:sha256:260000$leNOXxOLuPFoA0TV$e5b3f4c4232a74089387fc65342303bd98d6447017bfa0fd6147692c052c4aab","Stephanie","Calhoun","554 Victor Forest
New Rebeccaville, NE 84490","0","true"
"52","armstrongcolleen@gmail.com","pbkdf2:sha256:260000$nSpoOjKxMVBwuBQ9$aad746d44310c62d512595d8c673e0771943854e03fb863c55b38ebdd514649c","Sandra","Powell","475 Rachel Light Apt. 640
Bradleystad, TX 87533","0","true"
"53","meganturner@gmail.com","pbkdf2:sha256:260000$8UIE2C97lIB9jqPi$6b00ca06a62b8ba1806baf8643786bd13546f5e3f610f6d7f1852bf4b20d054c","Elizabeth","Aguilar","3673 Mills Lakes
Royshire, NV 89583","0","true"
"54","susan41@hotmail.com","pbkdf2:sha256:260000$LlSeIXCjpvNXd97a$f28b283ce9a0c0e25c4a123aad906daa64990d7d38da8d19548f613283170737","William","Edwards","70754 Strong Camp
Port Ethan, VT 92827","0","true"
"55","patrick03@hotmail.com","pbkdf2:sha256:260000$7FpJBx3EWcWcnrql$ca8a2f2df9f3cbd443ef3ad360967885b27fbc2e5846268db07235d415b40e58","Ms.","Edwards","0066 Heather Springs Apt. 563
Kaylahaven, OK 20841","0","true"
"56","jmcmahon@gmail.com","pbkdf2:sha256:260000$zZe0AxVifuBtYQqv$dbbcfefac4826bd3d16739396facf673185cce077ca85459bd21208e8e319c9b","Jimmy","Walker","521 Gibson Fields Suite 602
Tiffanyside, TN 57606","0","true"
"57","brownshane@yahoo.com","pbkdf2:sha256:260000$dz8IOfOWjg47iGd4$3d70cac2201caa87c50c798782e9d8340c08f08d773a2c344ea16a8e7500a6ff","Tracy","Davis","900 Stephanie Locks
Kristenfort, CT 73331","0","true"
"58","gregorymontgomery@hotmail.com","pbkdf2:sha256:260000$QQixTF1jVXudtY7t$ac1b89bdf1bb254c4db3a8902521e52fbdb4358bb030669d8fe3e94bb93b8a6f","Stephanie","Garza","53799 Sydney Parkways Apt. 735
Matthewtown, NE 99089","0","true"
"59","nathan44@hotmail.com","pbkdf2:sha256:260000$s3gQPSePncnnK2kE$9f897e0c6fc9235c44655976c3e48d31c9efb2142345c9547785d0919115e4ec","Timothy","Padilla","2616 Donna Mountains
Alexandertown, NH 64221","0","true"
"60","qdyer@yahoo.com","pbkdf2:sha256:260000$BIOBMA9fJtd5HhtI$ffe5f901e7ea4c971fb332b658b28f54bfe827ff0a25b1c460543803f67c45ac","Tammy","Sexton","5640 Sara Lakes Apt. 150
Valenciachester, OR 56221","0","true"
"61","debra49@yahoo.com","pbkdf2:sha256:260000$uJEdXNXlJEry7G1g$f7201b64f60ac89b5f660654324f15b871269ca594def4510ea83e938148f746","Cody","Morris","57680 Weaver Route Apt. 509
Duffychester, TX 94575","0","true"
"62","zrose@yahoo.com","pbkdf2:sha256:260000$hlfRRNBDZM0Ut8fJ$5a90bb01914284bf5478e6e70752432817aa233bd67f397d72757198bf9af1f4","Anna","Andersen","21403 Chandler Points
Stephanieville, WA 66447","0","false"
"63","opoole@hotmail.com","pbkdf2:sha256:260000$qy14x9rlEZ2B0TvW$d91898802918d1ac3680d81aa021db2e602ca59b3d45159ea8e42250c4eeb439","Larry","Palmer","9737 Knight Tunnel Suite 667
East Timothy, ID 06090","0","false"
"64","andrewcole@yahoo.com","pbkdf2:sha256:260000$yiKVaIpG0Ww1VlTw$5e1785d35955d4222a3df8e7a989a500dd49a0bf23cbf86d139bc0f39f75a9e3","Tamara","Gonzalez","157 Rivera Vista Apt. 019
Gonzalesmouth, AL 33528","0","true"
"65","jeffreychavez@yahoo.com","pbkdf2:sha256:260000$YqS41Xcz9sjxd1Ga$7e992f521fa2e76655a070f7442210c70a0fd2c00a7f414f3f4c1e335390c15b","Jeffrey","Torres","6820 Newman Ports
New Jenna, MS 48800","0","true"
"66","zchandler@yahoo.com","pbkdf2:sha256:260000$HQGFgVgt1UmpYqUg$f8bb145a0a79b6d22762c768925f5610eec41d8ed467a7537c82f9c1e4e3639d","Zoe","Collins","5263 Brown Burgs Suite 983
Edwardtown, MO 34279","0","true"
"67","webbjennifer@yahoo.com","pbkdf2:sha256:260000$MzZjlD9DCqpOXkXA$6647b89a7d2add9a23c4502959f4dec729e3a6dfd17bf8ae22bde78340c1345f","Matthew","Vang","9728 Tina Causeway Suite 933
Lake Austin, MS 44659","0","false"
"68","ethantucker@gmail.com","pbkdf2:sha256:260000$8QLniIySlY1mT14j$4ce0123c3e45f31c8538f7eda773ed03cb6b95ea58e246f28428c992c07569f1","Cory","Bowman","351 Mary Drives Apt. 487
Seanborough, IL 18198","0","false"
"69","michaelvega@gmail.com","pbkdf2:sha256:260000$Rg7su6ZrWQfgJrLP$33a71a934cc90fc1cdddbefe4b1b6bffd4ec2824f9647ea4124e90b62ea4794d","Anne","Strickland","387 Thompson Mountains
Harrismouth, MS 92608","0","false"
"70","dillonwest@yahoo.com","pbkdf2:sha256:260000$jQAFD27a7jHQ90dB$c65bbb5e141d8af318fc08a92d4c46bcc41503d4dc6bd8f4a635e0d89dd297c3","Cynthia","Lyons","Unit 2146 Box 5546
DPO AA 85369","0","true"
"71","lmiller@gmail.com","pbkdf2:sha256:260000$U5UASI3WfreytTRj$711452e4f9f685e46b893875778932541c316947e6444a66701d2bc77151cc02","Shane","Rosario","85010 Evans Camp Apt. 155
Georgechester, ID 85744","0","true"
"72","andersoncarl@gmail.com","pbkdf2:sha256:260000$zC0P90ua5Ao9M39O$5c6026ff7435616c8844dbf1733e4aa76c493ec4c1b2553214d8f5df59ecad7a","Ryan","Kline","69407 James Stream
Port Jesustown, NV 35136","0","false"
"73","mforbes@yahoo.com","pbkdf2:sha256:260000$I9srtQ23O1qCCUXm$11a8c1c0addd8a4fbb957e993e6a85f05431748df06f8ed1c32d369ee9bcbad0","Donald","Ponce","242 Scott Shoal
West Ryanchester, AL 65745","0","true"
"74","averyshannon@gmail.com","pbkdf2:sha256:260000$HOJ0u940owSN0mRI$7ba8c39e3f9c88689bea76eadcd0d77e1207bfd5801ba194dd66bfa2e816040a","Debra","Garrett","35114 Mcdonald Manor Suite 982
Port Davidfurt, CO 71715","0","false"
"75","tyler75@hotmail.com","pbkdf2:sha256:260000$XQmeM6EHRSsNk1qX$8d5acebe38ab254b51a17cde28d18898f95c88bd878809382de1ff951086ac58","Alexis","Phillips","36719 Massey Brooks
East Kathy, MT 74039","0","false"
"76","stewartadam@gmail.com","pbkdf2:sha256:260000$d8B1wvTJrZHpi50m$e4bc61af283aea88108d5631e12e4b1c52fe1b674994538165dfa0ebbbdf4da7","Julie","Parker","9761 Jonathan Squares
East Carly, AZ 07369","0","true"
"77","christopher90@gmail.com","pbkdf2:sha256:260000$lOXExaqaCK0pedbL$c005a766615ed08835bf724b4deb3716ed5f1ef0bf427ef073962790b3143211","Angelica","Cohen","62995 Jamie Forks
Chanland, NC 29740","0","false"
"78","robertsmakayla@gmail.com","pbkdf2:sha256:260000$TT9xS89BMC7PgJ94$f05d5dddca48f40466b8b131442be152ffe7f885edaeb84813a77ef0b5772b6a","Jennifer","Gomez","USNS Hoffman
FPO AE 48930","0","false"
"79","millercorey@hotmail.com","pbkdf2:sha256:260000$M0EfiiXd8CQ1PkU3$49e9056c895e09caaf2d11b7f899370c5026f8472fe8b730188832d9a50d5869","Karen","Myers","4098 Mills Summit Suite 154
West Brianton, MI 01214","0","false"
"80","glen64@hotmail.com","pbkdf2:sha256:260000$drtxTlKb0pHhtSO3$9de113d3ec556cb66d458e2119d0cfbe7d71f1b7c95cf984af62cb075a1c4a30","James","Bennett","95585 Jennifer Well Apt. 408
West Jennifer, IL 82065","0","false"
"81","langerica@gmail.com","pbkdf2:sha256:260000$a9g04tPyFmqYSWyi$6ac44d36371daedfb2b52d639a3b3ed2127be03a6cdd29d9f41290180f85d329","Abigail","Petersen","1131 Krista Flats
Michellehaven, TN 88968","0","false"
"82","udavila@hotmail.com","pbkdf2:sha256:260000$hqAlUQSOPNzl0OQT$bcb7ccb1eab2693c019ce184d5bee56288577f1524e2cfd7276de70a3c9bc3d5","Thomas","Horn","5290 James Course Suite 347
South Colleen, NC 72324","0","false"
"83","walexander@gmail.com","pbkdf2:sha256:260000$aqu9irBHH5QS3Dbg$a672f39f4aef379eeb852bd23741a6f55e84e67e29aca6bbf6a0f2d4162231e0","Julia","DDS","529 Brenda Point
Walkerside, NJ 83632","0","true"
"84","dickersonvanessa@gmail.com","pbkdf2:sha256:260000$qPcvLiMXJrDsY37E$8d8fcddde0b488bc3e0bdd502335e83a21a02ed1412f0846cbe6664cab7f0eec","Stephanie","Montgomery","89402 Laura Well Suite 194
West Kristen, SD 32742","0","true"
"85","zball@gmail.com","pbkdf2:sha256:260000$Kbm06IwnDFpZLZRG$7a01e0d0054e57f46aa609c9ae306401eb6dba71f8d6dab63cb09034e34eb914","Adam","Wright","USS Vazquez
FPO AE 64795","0","false"
"86","christopherreyes@yahoo.com","pbkdf2:sha256:260000$uDbqM71eDbK5aags$0509b46ac72a86a5c2a7b1b3259df8044bfc3fe763cde66d874b1760b3ca9b99","Charles","Beard","81583 Diana Summit
Nicholsonburgh, WV 83528","0","true"
"87","smyers@yahoo.com","pbkdf2:sha256:260000$fAzrVwMj1jDEMmXT$efb713a862e3ef64d995fadf299b1481a79ebc95e0655df1faa85fb7df2514bd","Jennifer","Miller","71852 Peterson Mills
Carrstad, NH 31879","0","false"
"88","nguyenmary@yahoo.com","pbkdf2:sha256:260000$FBLmVjL1aj8dUqCF$09526611628108e8a79070b7092181ff228a80725c6db9a2415587e36a7b13ea","Yolanda","Johnson","69864 Stephanie Loop Suite 816
West Saratown, ND 63583","0","false"
"89","johnbyrd@hotmail.com","pbkdf2:sha256:260000$JPd0LwwvNhSI6BNC$bca9d1801a478a60791e72f70d09916c00899f0351ffd22330ce3e7f3715edf1","Matthew","Saunders","534 Melissa Summit Apt. 891
Adamsborough, MI 50155","0","false"
"90","tracyjones@gmail.com","pbkdf2:sha256:260000$mkFObSl1mo4uFPZ2$6078da3a5e45a01eb59f030d9a51378af6251d69a34c84cc00fbe41f06d4b0d6","Madeline","King","515 Javier Plaza
New Jamesport, AK 29617","0","false"
"91","james98@yahoo.com","pbkdf2:sha256:260000$9yk7vlmzXOvJHhFO$0876b32d6888087311d43e2a745ad5492f10ed79aa8cbe552204e431842d09bc","Christopher","Dodson","6815 Christian Meadow
Westchester, MT 33754","0","true"
"92","sheltonmark@gmail.com","pbkdf2:sha256:260000$xYOJkcLJHRZ1RZWK$6e8d4f7461351889004f38478dcc21c9ad05215c4d3935df2f3da9c039d1bd9c","Justin","Henry","037 Crawford Harbor
Candiceland, AK 33949","0","true"
"93","fernandezkaitlyn@gmail.com","pbkdf2:sha256:260000$TFo84uao1nmXhiyS$4d76bd183fb2ee7e39e30241242d13f4d2d825d1832a4369cb4624e526cb2d9c","Mark","Mendoza","3252 Heidi Hills
Perryton, OH 10160","0","false"
"94","rodriguezandrew@gmail.com","pbkdf2:sha256:260000$oxHaKzviigRdsYjZ$6742108f8f7113143e39ac9381115983d1911a11359c5c050b857ac109902c06","Stacy","Lee","USNS Freeman
FPO AE 75584","0","true"
"95","brooksjohn@hotmail.com","pbkdf2:sha256:260000$TPD0sZl9cBKcZ5W0$b8a0c591b478f275abc8721d414034f197f5c81cc0105753c9a83cd523c8f46d","Rebekah","Garza","74418 Brooke Radial Apt. 183
East Annamouth, CT 10481","0","true"
"96","torresjoseph@yahoo.com","pbkdf2:sha256:260000$nZ5IR5KrSkFFWrQo$65c27e51e1d03836344568a8c787a5e1391f465a8d57e2560925c5eae091e477","Alyssa","Miller","22813 Michael Turnpike Suite 778
West Joshuachester, OH 65997","0","true"
"97","hamiltonmatthew@yahoo.com","pbkdf2:sha256:260000$wkJ8jiGAjjx09GqU$a26d5f8a066a68e105abf9367586834316d3e767bc8172f8e58616a84062797b","Christopher","Cardenas","8182 Gutierrez Ferry Apt. 054
East Rachel, AL 68538","0","false"
"98","adam92@gmail.com","pbkdf2:sha256:260000$4UsfHJuWs3RFnTFK$227364475231df7f470036d8ce30b06d71a369f3fdc5f2e41c38f1fc97f4159f","Lance","Powell","980 Andre Bypass Apt. 444
Gonzalezland, ME 29159","0","true"
"99","fclark@gmail.com","pbkdf2:sha256:260000$5bgyxIKTc0taQStU$55d147de61261fd46b81c3eb49571fa57a853da789cfa98ca88aa34a8cbeea95","James","Stark","2371 Paul Coves
Port Ricky, ME 85780","0","false"
